,antecedents,consequents,antecedent support,consequent support,support,confidence,lift,leverage,conviction,antecedent_len,consequents_len
6572,"frozenset({'Product = P00057642', 'Stay_In_Current_City_Years = 1'})",frozenset({'Product = P00270942'}),0.08725173994228484,0.19368528263452725,0.03530809709726702,0.4046692607003891,2.089313422248898,0.018408719186191306,1.354397923940696,2,1
6573,"frozenset({'Product = P00270942', 'Stay_In_Current_City_Years = 1'})",frozenset({'Product = P00057642'}),0.07044644372772026,0.24274316754371075,0.03530809709726702,0.5012048192771084,2.0647535596933184,0.018207704204610427,1.51817191048,2,1
7146,"frozenset({'Product = P00270942', 'Stay_In_Current_City_Years = 1'})",frozenset({'Product = P00145042'}),0.07044644372772026,0.2349346460702767,0.03344084196231539,0.47469879518072283,2.0205567936485824,0.01689053163823377,1.4564317517469503,2,1
7147,"frozenset({'Product = P00145042', 'Stay_In_Current_City_Years = 1'})",frozenset({'Product = P00270942'}),0.08283822780512647,0.19368528263452725,0.03344084196231539,0.4036885245901639,2.0842498670996106,0.017396296396936118,1.3521703851352258,2,1
